År;Sektor;Tittel;Navn;Mengde
2009;Veitrafikk;Utslipp fra kommunens innbyggere: kjøring innenfor og utenfor kommunens grense (tonn CO2-ekv);Busser;4352
2009;Veitrafikk;Utslipp fra kommunens innbyggere: kjøring innenfor og utenfor kommunens grense (tonn CO2-ekv);Personbil;43843
2009;Veitrafikk;Utslipp fra kommunens innbyggere: kjøring innenfor og utenfor kommunens grense (tonn CO2-ekv);Tunge kjøretøy;20319
2009;Veitrafikk;Utslipp fra kommunens innbyggere: kjøring innenfor og utenfor kommunens grense (tonn CO2-ekv);Varebil;8878
2009;Veitrafikk;Utslipp fra kommunens innbyggere: kjøring innenfor og utenfor kommunens grense (tonn CO2-ekv);Totalt;77393
2011;Veitrafikk;Utslipp fra kommunens innbyggere: kjøring innenfor og utenfor kommunens grense (tonn CO2-ekv);Busser;5180
2011;Veitrafikk;Utslipp fra kommunens innbyggere: kjøring innenfor og utenfor kommunens grense (tonn CO2-ekv);Personbil;43652
2011;Veitrafikk;Utslipp fra kommunens innbyggere: kjøring innenfor og utenfor kommunens grense (tonn CO2-ekv);Tunge kjøretøy;20873
2011;Veitrafikk;Utslipp fra kommunens innbyggere: kjøring innenfor og utenfor kommunens grense (tonn CO2-ekv);Varebil;8638
2011;Veitrafikk;Utslipp fra kommunens innbyggere: kjøring innenfor og utenfor kommunens grense (tonn CO2-ekv);Totalt;78343
2013;Veitrafikk;Utslipp fra kommunens innbyggere: kjøring innenfor og utenfor kommunens grense (tonn CO2-ekv);Busser;5320
2013;Veitrafikk;Utslipp fra kommunens innbyggere: kjøring innenfor og utenfor kommunens grense (tonn CO2-ekv);Personbil;43403
2013;Veitrafikk;Utslipp fra kommunens innbyggere: kjøring innenfor og utenfor kommunens grense (tonn CO2-ekv);Tunge kjøretøy;21145
2013;Veitrafikk;Utslipp fra kommunens innbyggere: kjøring innenfor og utenfor kommunens grense (tonn CO2-ekv);Varebil;8293
2013;Veitrafikk;Utslipp fra kommunens innbyggere: kjøring innenfor og utenfor kommunens grense (tonn CO2-ekv);Totalt;78161
2015;Veitrafikk;Utslipp fra kommunens innbyggere: kjøring innenfor og utenfor kommunens grense (tonn CO2-ekv);Busser;5572
2015;Veitrafikk;Utslipp fra kommunens innbyggere: kjøring innenfor og utenfor kommunens grense (tonn CO2-ekv);Personbil;43677
2015;Veitrafikk;Utslipp fra kommunens innbyggere: kjøring innenfor og utenfor kommunens grense (tonn CO2-ekv);Tunge kjøretøy;22098
2015;Veitrafikk;Utslipp fra kommunens innbyggere: kjøring innenfor og utenfor kommunens grense (tonn CO2-ekv);Varebil;8762
2015;Veitrafikk;Utslipp fra kommunens innbyggere: kjøring innenfor og utenfor kommunens grense (tonn CO2-ekv);Totalt;80110
2016;Veitrafikk;Utslipp fra kommunens innbyggere: kjøring innenfor og utenfor kommunens grense (tonn CO2-ekv);Busser;5225
2016;Veitrafikk;Utslipp fra kommunens innbyggere: kjøring innenfor og utenfor kommunens grense (tonn CO2-ekv);Personbil;41312
2016;Veitrafikk;Utslipp fra kommunens innbyggere: kjøring innenfor og utenfor kommunens grense (tonn CO2-ekv);Tunge kjøretøy;21047
2016;Veitrafikk;Utslipp fra kommunens innbyggere: kjøring innenfor og utenfor kommunens grense (tonn CO2-ekv);Varebil;8027
2016;Veitrafikk;Utslipp fra kommunens innbyggere: kjøring innenfor og utenfor kommunens grense (tonn CO2-ekv);Totalt;75612
2017;Veitrafikk;Utslipp fra kommunens innbyggere: kjøring innenfor og utenfor kommunens grense (tonn CO2-ekv);Busser;4774
2017;Veitrafikk;Utslipp fra kommunens innbyggere: kjøring innenfor og utenfor kommunens grense (tonn CO2-ekv);Personbil;38086
2017;Veitrafikk;Utslipp fra kommunens innbyggere: kjøring innenfor og utenfor kommunens grense (tonn CO2-ekv);Tunge kjøretøy;19417
2017;Veitrafikk;Utslipp fra kommunens innbyggere: kjøring innenfor og utenfor kommunens grense (tonn CO2-ekv);Varebil;7516
2017;Veitrafikk;Utslipp fra kommunens innbyggere: kjøring innenfor og utenfor kommunens grense (tonn CO2-ekv);Totalt;69793
2018;Veitrafikk;Utslipp fra kommunens innbyggere: kjøring innenfor og utenfor kommunens grense (tonn CO2-ekv);Busser;5044
2018;Veitrafikk;Utslipp fra kommunens innbyggere: kjøring innenfor og utenfor kommunens grense (tonn CO2-ekv);Personbil;38203
2018;Veitrafikk;Utslipp fra kommunens innbyggere: kjøring innenfor og utenfor kommunens grense (tonn CO2-ekv);Tunge kjøretøy;20504
2018;Veitrafikk;Utslipp fra kommunens innbyggere: kjøring innenfor og utenfor kommunens grense (tonn CO2-ekv);Varebil;8040
2018;Veitrafikk;Utslipp fra kommunens innbyggere: kjøring innenfor og utenfor kommunens grense (tonn CO2-ekv);Totalt;71791
2019;Veitrafikk;Utslipp fra kommunens innbyggere: kjøring innenfor og utenfor kommunens grense (tonn CO2-ekv);Busser;4928
2019;Veitrafikk;Utslipp fra kommunens innbyggere: kjøring innenfor og utenfor kommunens grense (tonn CO2-ekv);Personbil;36601
2019;Veitrafikk;Utslipp fra kommunens innbyggere: kjøring innenfor og utenfor kommunens grense (tonn CO2-ekv);Tunge kjøretøy;20047
2019;Veitrafikk;Utslipp fra kommunens innbyggere: kjøring innenfor og utenfor kommunens grense (tonn CO2-ekv);Varebil;8023
2019;Veitrafikk;Utslipp fra kommunens innbyggere: kjøring innenfor og utenfor kommunens grense (tonn CO2-ekv);Totalt;69599
2020;Veitrafikk;Utslipp fra kommunens innbyggere: kjøring innenfor og utenfor kommunens grense (tonn CO2-ekv);Busser;4802
2020;Veitrafikk;Utslipp fra kommunens innbyggere: kjøring innenfor og utenfor kommunens grense (tonn CO2-ekv);Personbil;34497
2020;Veitrafikk;Utslipp fra kommunens innbyggere: kjøring innenfor og utenfor kommunens grense (tonn CO2-ekv);Tunge kjøretøy;20073
2020;Veitrafikk;Utslipp fra kommunens innbyggere: kjøring innenfor og utenfor kommunens grense (tonn CO2-ekv);Varebil;8560
2020;Veitrafikk;Utslipp fra kommunens innbyggere: kjøring innenfor og utenfor kommunens grense (tonn CO2-ekv);Totalt;67931
2021;Veitrafikk;Utslipp fra kommunens innbyggere: kjøring innenfor og utenfor kommunens grense (tonn CO2-ekv);Busser;4661
2021;Veitrafikk;Utslipp fra kommunens innbyggere: kjøring innenfor og utenfor kommunens grense (tonn CO2-ekv);Personbil;33509
2021;Veitrafikk;Utslipp fra kommunens innbyggere: kjøring innenfor og utenfor kommunens grense (tonn CO2-ekv);Tunge kjøretøy;20402
2021;Veitrafikk;Utslipp fra kommunens innbyggere: kjøring innenfor og utenfor kommunens grense (tonn CO2-ekv);Varebil;8847
2021;Veitrafikk;Utslipp fra kommunens innbyggere: kjøring innenfor og utenfor kommunens grense (tonn CO2-ekv);Totalt;67418
2009;Veitrafikk;Kommunespesifikke utslippsfaktorer (g CO2-ekv/km);Personbil (diesel);149
2009;Veitrafikk;Kommunespesifikke utslippsfaktorer (g CO2-ekv/km);Personbil (bensin);185
2009;Veitrafikk;Kommunespesifikke utslippsfaktorer (g CO2-ekv/km);Varebil (diesel);200
2009;Veitrafikk;Kommunespesifikke utslippsfaktorer (g CO2-ekv/km);Varebil (bensin);195
2009;Veitrafikk;Kommunespesifikke utslippsfaktorer (g CO2-ekv/km);Tunge kjøretøy (diesel);705
2009;Veitrafikk;Kommunespesifikke utslippsfaktorer (g CO2-ekv/km);Busser (diesel);773
2011;Veitrafikk;Kommunespesifikke utslippsfaktorer (g CO2-ekv/km);Personbil (diesel);146
2011;Veitrafikk;Kommunespesifikke utslippsfaktorer (g CO2-ekv/km);Personbil (bensin);182
2011;Veitrafikk;Kommunespesifikke utslippsfaktorer (g CO2-ekv/km);Varebil (diesel);198
2011;Veitrafikk;Kommunespesifikke utslippsfaktorer (g CO2-ekv/km);Varebil (bensin);188
2011;Veitrafikk;Kommunespesifikke utslippsfaktorer (g CO2-ekv/km);Tunge kjøretøy (diesel);708
2011;Veitrafikk;Kommunespesifikke utslippsfaktorer (g CO2-ekv/km);Busser (diesel);890
2013;Veitrafikk;Kommunespesifikke utslippsfaktorer (g CO2-ekv/km);Personbil (diesel);142
2013;Veitrafikk;Kommunespesifikke utslippsfaktorer (g CO2-ekv/km);Personbil (bensin);175
2013;Veitrafikk;Kommunespesifikke utslippsfaktorer (g CO2-ekv/km);Varebil (diesel);196
2013;Veitrafikk;Kommunespesifikke utslippsfaktorer (g CO2-ekv/km);Varebil (bensin);183
2013;Veitrafikk;Kommunespesifikke utslippsfaktorer (g CO2-ekv/km);Tunge kjøretøy (diesel);698
2013;Veitrafikk;Kommunespesifikke utslippsfaktorer (g CO2-ekv/km);Busser (diesel);886
2015;Veitrafikk;Kommunespesifikke utslippsfaktorer (g CO2-ekv/km);Personbil (diesel);141
2015;Veitrafikk;Kommunespesifikke utslippsfaktorer (g CO2-ekv/km);Personbil (bensin);170
2015;Veitrafikk;Kommunespesifikke utslippsfaktorer (g CO2-ekv/km);Varebil (diesel);194
2015;Veitrafikk;Kommunespesifikke utslippsfaktorer (g CO2-ekv/km);Varebil (bensin);186
2015;Veitrafikk;Kommunespesifikke utslippsfaktorer (g CO2-ekv/km);Tunge kjøretøy (diesel);699
2015;Veitrafikk;Kommunespesifikke utslippsfaktorer (g CO2-ekv/km);Busser (diesel);889
2016;Veitrafikk;Kommunespesifikke utslippsfaktorer (g CO2-ekv/km);Personbil (diesel);133
2016;Veitrafikk;Kommunespesifikke utslippsfaktorer (g CO2-ekv/km);Personbil (bensin);164
2016;Veitrafikk;Kommunespesifikke utslippsfaktorer (g CO2-ekv/km);Varebil (diesel);182
2016;Veitrafikk;Kommunespesifikke utslippsfaktorer (g CO2-ekv/km);Varebil (bensin);175
2016;Veitrafikk;Kommunespesifikke utslippsfaktorer (g CO2-ekv/km);Tunge kjøretøy (diesel);659
2016;Veitrafikk;Kommunespesifikke utslippsfaktorer (g CO2-ekv/km);Busser (diesel);826
2017;Veitrafikk;Kommunespesifikke utslippsfaktorer (g CO2-ekv/km);Personbil (diesel);121
2017;Veitrafikk;Kommunespesifikke utslippsfaktorer (g CO2-ekv/km);Personbil (bensin);160
2017;Veitrafikk;Kommunespesifikke utslippsfaktorer (g CO2-ekv/km);Varebil (diesel);167
2017;Veitrafikk;Kommunespesifikke utslippsfaktorer (g CO2-ekv/km);Varebil (bensin);170
2017;Veitrafikk;Kommunespesifikke utslippsfaktorer (g CO2-ekv/km);Tunge kjøretøy (diesel);609
2017;Veitrafikk;Kommunespesifikke utslippsfaktorer (g CO2-ekv/km);Busser (diesel);758
2018;Veitrafikk;Kommunespesifikke utslippsfaktorer (g CO2-ekv/km);Personbil (diesel);129
2018;Veitrafikk;Kommunespesifikke utslippsfaktorer (g CO2-ekv/km);Personbil (bensin);157
2018;Veitrafikk;Kommunespesifikke utslippsfaktorer (g CO2-ekv/km);Varebil (diesel);178
2018;Veitrafikk;Kommunespesifikke utslippsfaktorer (g CO2-ekv/km);Varebil (bensin);161
2018;Veitrafikk;Kommunespesifikke utslippsfaktorer (g CO2-ekv/km);Tunge kjøretøy (diesel);644
2018;Veitrafikk;Kommunespesifikke utslippsfaktorer (g CO2-ekv/km);Busser (diesel);805
2019;Veitrafikk;Kommunespesifikke utslippsfaktorer (g CO2-ekv/km);Personbil (diesel);124
2019;Veitrafikk;Kommunespesifikke utslippsfaktorer (g CO2-ekv/km);Personbil (bensin);151
2019;Veitrafikk;Kommunespesifikke utslippsfaktorer (g CO2-ekv/km);Varebil (diesel);172
2019;Veitrafikk;Kommunespesifikke utslippsfaktorer (g CO2-ekv/km);Varebil (bensin);161
2019;Veitrafikk;Kommunespesifikke utslippsfaktorer (g CO2-ekv/km);Tunge kjøretøy (diesel);622
2019;Veitrafikk;Kommunespesifikke utslippsfaktorer (g CO2-ekv/km);Busser (diesel);776
2020;Veitrafikk;Kommunespesifikke utslippsfaktorer (g CO2-ekv/km);Personbil (diesel);127
2020;Veitrafikk;Kommunespesifikke utslippsfaktorer (g CO2-ekv/km);Personbil (bensin);149
2020;Veitrafikk;Kommunespesifikke utslippsfaktorer (g CO2-ekv/km);Varebil (diesel);175
2020;Veitrafikk;Kommunespesifikke utslippsfaktorer (g CO2-ekv/km);Varebil (bensin);162
2020;Veitrafikk;Kommunespesifikke utslippsfaktorer (g CO2-ekv/km);Tunge kjøretøy (diesel);646
2020;Veitrafikk;Kommunespesifikke utslippsfaktorer (g CO2-ekv/km);Busser (diesel);785
2021;Veitrafikk;Kommunespesifikke utslippsfaktorer (g CO2-ekv/km);Personbil (diesel);128
2021;Veitrafikk;Kommunespesifikke utslippsfaktorer (g CO2-ekv/km);Personbil (bensin);141
2021;Veitrafikk;Kommunespesifikke utslippsfaktorer (g CO2-ekv/km);Varebil (diesel);179
2021;Veitrafikk;Kommunespesifikke utslippsfaktorer (g CO2-ekv/km);Varebil (bensin);155
2021;Veitrafikk;Kommunespesifikke utslippsfaktorer (g CO2-ekv/km);Tunge kjøretøy (diesel);655
2021;Veitrafikk;Kommunespesifikke utslippsfaktorer (g CO2-ekv/km);Busser (diesel);761
2009;Veitrafikk;Kjøring i kommunen (1000 km);Personbil;263020
2009;Veitrafikk;Kjøring i kommunen (1000 km);Varebil;43862
2009;Veitrafikk;Kjøring i kommunen (1000 km);Tunge kjøretøy;22461
2009;Veitrafikk;Kjøring i kommunen (1000 km);Busser;6261
2009;Veitrafikk;Kjøring i kommunen (1000 km);Totalt;335604
2011;Veitrafikk;Kjøring i kommunen (1000 km);Personbil;270383
2011;Veitrafikk;Kjøring i kommunen (1000 km);Varebil;43382
2011;Veitrafikk;Kjøring i kommunen (1000 km);Tunge kjøretøy;22964
2011;Veitrafikk;Kjøring i kommunen (1000 km);Busser;6402
2011;Veitrafikk;Kjøring i kommunen (1000 km);Totalt;343131
2013;Veitrafikk;Kjøring i kommunen (1000 km);Personbil;281118
2013;Veitrafikk;Kjøring i kommunen (1000 km);Varebil;42058
2013;Veitrafikk;Kjøring i kommunen (1000 km);Tunge kjøretøy;23652
2013;Veitrafikk;Kjøring i kommunen (1000 km);Busser;6594
2013;Veitrafikk;Kjøring i kommunen (1000 km);Totalt;353422
2015;Veitrafikk;Kjøring i kommunen (1000 km);Personbil;292437
2015;Veitrafikk;Kjøring i kommunen (1000 km);Varebil;44760
2015;Veitrafikk;Kjøring i kommunen (1000 km);Tunge kjøretøy;24677
2015;Veitrafikk;Kjøring i kommunen (1000 km);Busser;6880
2015;Veitrafikk;Kjøring i kommunen (1000 km);Totalt;368754
2016;Veitrafikk;Kjøring i kommunen (1000 km);Personbil;296381
2016;Veitrafikk;Kjøring i kommunen (1000 km);Varebil;43729
2016;Veitrafikk;Kjøring i kommunen (1000 km);Tunge kjøretøy;24890
2016;Veitrafikk;Kjøring i kommunen (1000 km);Busser;6939
2016;Veitrafikk;Kjøring i kommunen (1000 km);Totalt;371940
2017;Veitrafikk;Kjøring i kommunen (1000 km);Personbil;293951
2017;Veitrafikk;Kjøring i kommunen (1000 km);Varebil;44729
2017;Veitrafikk;Kjøring i kommunen (1000 km);Tunge kjøretøy;24786
2017;Veitrafikk;Kjøring i kommunen (1000 km);Busser;6910
2017;Veitrafikk;Kjøring i kommunen (1000 km);Totalt;370377
2018;Veitrafikk;Kjøring i kommunen (1000 km);Personbil;291861
2018;Veitrafikk;Kjøring i kommunen (1000 km);Varebil;45076
2018;Veitrafikk;Kjøring i kommunen (1000 km);Tunge kjøretøy;24659
2018;Veitrafikk;Kjøring i kommunen (1000 km);Busser;6874
2018;Veitrafikk;Kjøring i kommunen (1000 km);Totalt;368471
2019;Veitrafikk;Kjøring i kommunen (1000 km);Personbil;294846
2019;Veitrafikk;Kjøring i kommunen (1000 km);Varebil;46661
2019;Veitrafikk;Kjøring i kommunen (1000 km);Tunge kjøretøy;24993
2019;Veitrafikk;Kjøring i kommunen (1000 km);Busser;6968
2019;Veitrafikk;Kjøring i kommunen (1000 km);Totalt;373467
2020;Veitrafikk;Kjøring i kommunen (1000 km);Personbil;279882
2020;Veitrafikk;Kjøring i kommunen (1000 km);Varebil;48900
2020;Veitrafikk;Kjøring i kommunen (1000 km);Tunge kjøretøy;24061
2020;Veitrafikk;Kjøring i kommunen (1000 km);Busser;6708
2020;Veitrafikk;Kjøring i kommunen (1000 km);Totalt;359552
2021;Veitrafikk;Kjøring i kommunen (1000 km);Personbil;286877
2021;Veitrafikk;Kjøring i kommunen (1000 km);Varebil;49373
2021;Veitrafikk;Kjøring i kommunen (1000 km);Tunge kjøretøy;24115
2021;Veitrafikk;Kjøring i kommunen (1000 km);Busser;6723
2021;Veitrafikk;Kjøring i kommunen (1000 km);Totalt;367088
2016;Veitrafikk;Opphav til kjøring i kommunen (%);Tromsø;99,6
2016;Veitrafikk;Opphav til kjøring i kommunen (%);Balsfjord;0,4
2016;Veitrafikk;Opphav til kjøring i kommunen (%);Karlsøy;0,1
2016;Veitrafikk;Opphav til kjøring i kommunen (%);Storfjord;0
2016;Veitrafikk;Opphav til kjøring i kommunen (%);Målselv;0
2016;Veitrafikk;Opphav til kjøring i kommunen (%);Andre kommuner;0
2009;Veitrafikk;Kjøring med personbil fordelt på drivstofftype (%);El;0
2009;Veitrafikk;Kjøring med personbil fordelt på drivstofftype (%);Bensin;51,9
2009;Veitrafikk;Kjøring med personbil fordelt på drivstofftype (%);Diesel;48,1
2009;Veitrafikk;Kjøring med personbil fordelt på drivstofftype (%);Hybrid;0
2011;Veitrafikk;Kjøring med personbil fordelt på drivstofftype (%);El;0,1
2011;Veitrafikk;Kjøring med personbil fordelt på drivstofftype (%);Bensin;46,2
2011;Veitrafikk;Kjøring med personbil fordelt på drivstofftype (%);Diesel;53,7
2011;Veitrafikk;Kjøring med personbil fordelt på drivstofftype (%);Hybrid;0
2013;Veitrafikk;Kjøring med personbil fordelt på drivstofftype (%);El;0,1
2013;Veitrafikk;Kjøring med personbil fordelt på drivstofftype (%);Bensin;40,5
2013;Veitrafikk;Kjøring med personbil fordelt på drivstofftype (%);Diesel;59,4
2013;Veitrafikk;Kjøring med personbil fordelt på drivstofftype (%);Hybrid;0
2015;Veitrafikk;Kjøring med personbil fordelt på drivstofftype (%);El;0,8
2015;Veitrafikk;Kjøring med personbil fordelt på drivstofftype (%);Bensin;36,8
2015;Veitrafikk;Kjøring med personbil fordelt på drivstofftype (%);Diesel;62,4
2015;Veitrafikk;Kjøring med personbil fordelt på drivstofftype (%);Hybrid;0
2016;Veitrafikk;Kjøring med personbil fordelt på drivstofftype (%);El;1,3
2016;Veitrafikk;Kjøring med personbil fordelt på drivstofftype (%);Bensin;32,7
2016;Veitrafikk;Kjøring med personbil fordelt på drivstofftype (%);Diesel;63,8
2016;Veitrafikk;Kjøring med personbil fordelt på drivstofftype (%);Hybrid;2,2
2017;Veitrafikk;Kjøring med personbil fordelt på drivstofftype (%);El;1,7
2017;Veitrafikk;Kjøring med personbil fordelt på drivstofftype (%);Bensin;30,7
2017;Veitrafikk;Kjøring med personbil fordelt på drivstofftype (%);Diesel;64,3
2017;Veitrafikk;Kjøring med personbil fordelt på drivstofftype (%);Hybrid;3,3
2018;Veitrafikk;Kjøring med personbil fordelt på drivstofftype (%);El;2,5
2018;Veitrafikk;Kjøring med personbil fordelt på drivstofftype (%);Bensin;28,5
2018;Veitrafikk;Kjøring med personbil fordelt på drivstofftype (%);Diesel;63,7
2018;Veitrafikk;Kjøring med personbil fordelt på drivstofftype (%);Hybrid;5,3
2019;Veitrafikk;Kjøring med personbil fordelt på drivstofftype (%);El;3,4
2019;Veitrafikk;Kjøring med personbil fordelt på drivstofftype (%);Bensin;27,3
2019;Veitrafikk;Kjøring med personbil fordelt på drivstofftype (%);Diesel;62,8
2019;Veitrafikk;Kjøring med personbil fordelt på drivstofftype (%);Hybrid;6,5
2020;Veitrafikk;Kjøring med personbil fordelt på drivstofftype (%);El;4,4
2020;Veitrafikk;Kjøring med personbil fordelt på drivstofftype (%);Bensin;25,4
2020;Veitrafikk;Kjøring med personbil fordelt på drivstofftype (%);Diesel;61,4
2020;Veitrafikk;Kjøring med personbil fordelt på drivstofftype (%);Hybrid;8,8
2021;Veitrafikk;Kjøring med personbil fordelt på drivstofftype (%);El;7,4
2021;Veitrafikk;Kjøring med personbil fordelt på drivstofftype (%);Bensin;23,1
2021;Veitrafikk;Kjøring med personbil fordelt på drivstofftype (%);Diesel;58,6
2021;Veitrafikk;Kjøring med personbil fordelt på drivstofftype (%);Hybrid;10,9
2009;Veitrafikk;Kjøring med varebil fordelt på drivstofftype (%);El;0,1
2009;Veitrafikk;Kjøring med varebil fordelt på drivstofftype (%);Bensin;11,1
2009;Veitrafikk;Kjøring med varebil fordelt på drivstofftype (%);Diesel;88,8
2009;Veitrafikk;Kjøring med varebil fordelt på drivstofftype (%);Hybrid;0
2009;Veitrafikk;Kjøring med varebil fordelt på drivstofftype (%);Gass;0
2011;Veitrafikk;Kjøring med varebil fordelt på drivstofftype (%);El;0,2
2011;Veitrafikk;Kjøring med varebil fordelt på drivstofftype (%);Bensin;7,1
2011;Veitrafikk;Kjøring med varebil fordelt på drivstofftype (%);Diesel;92,7
2011;Veitrafikk;Kjøring med varebil fordelt på drivstofftype (%);Hybrid;0
2011;Veitrafikk;Kjøring med varebil fordelt på drivstofftype (%);Gass;0
2013;Veitrafikk;Kjøring med varebil fordelt på drivstofftype (%);El;0
2013;Veitrafikk;Kjøring med varebil fordelt på drivstofftype (%);Bensin;5,2
2013;Veitrafikk;Kjøring med varebil fordelt på drivstofftype (%);Diesel;94,8
2013;Veitrafikk;Kjøring med varebil fordelt på drivstofftype (%);Hybrid;0
2013;Veitrafikk;Kjøring med varebil fordelt på drivstofftype (%);Gass;0
2015;Veitrafikk;Kjøring med varebil fordelt på drivstofftype (%);El;0,1
2015;Veitrafikk;Kjøring med varebil fordelt på drivstofftype (%);Bensin;3,7
2015;Veitrafikk;Kjøring med varebil fordelt på drivstofftype (%);Diesel;96,2
2015;Veitrafikk;Kjøring med varebil fordelt på drivstofftype (%);Hybrid;0
2015;Veitrafikk;Kjøring med varebil fordelt på drivstofftype (%);Gass;0
2016;Veitrafikk;Kjøring med varebil fordelt på drivstofftype (%);El;0,2
2016;Veitrafikk;Kjøring med varebil fordelt på drivstofftype (%);Bensin;3,1
2016;Veitrafikk;Kjøring med varebil fordelt på drivstofftype (%);Diesel;96,7
2016;Veitrafikk;Kjøring med varebil fordelt på drivstofftype (%);Hybrid;0
2016;Veitrafikk;Kjøring med varebil fordelt på drivstofftype (%);Gass;0
2017;Veitrafikk;Kjøring med varebil fordelt på drivstofftype (%);El;0,2
2017;Veitrafikk;Kjøring med varebil fordelt på drivstofftype (%);Bensin;2,9
2017;Veitrafikk;Kjøring med varebil fordelt på drivstofftype (%);Diesel;96,8
2017;Veitrafikk;Kjøring med varebil fordelt på drivstofftype (%);Hybrid;0
2017;Veitrafikk;Kjøring med varebil fordelt på drivstofftype (%);Gass;0
2018;Veitrafikk;Kjøring med varebil fordelt på drivstofftype (%);El;0,3
2018;Veitrafikk;Kjøring med varebil fordelt på drivstofftype (%);Bensin;3,1
2018;Veitrafikk;Kjøring med varebil fordelt på drivstofftype (%);Diesel;96,6
2018;Veitrafikk;Kjøring med varebil fordelt på drivstofftype (%);Hybrid;0
2018;Veitrafikk;Kjøring med varebil fordelt på drivstofftype (%);Gass;0
2019;Veitrafikk;Kjøring med varebil fordelt på drivstofftype (%);El;0,4
2019;Veitrafikk;Kjøring med varebil fordelt på drivstofftype (%);Bensin;3
2019;Veitrafikk;Kjøring med varebil fordelt på drivstofftype (%);Diesel;96,5
2019;Veitrafikk;Kjøring med varebil fordelt på drivstofftype (%);Hybrid;0
2019;Veitrafikk;Kjøring med varebil fordelt på drivstofftype (%);Gass;0
2020;Veitrafikk;Kjøring med varebil fordelt på drivstofftype (%);El;0,6
2020;Veitrafikk;Kjøring med varebil fordelt på drivstofftype (%);Bensin;2,4
2020;Veitrafikk;Kjøring med varebil fordelt på drivstofftype (%);Diesel;97
2020;Veitrafikk;Kjøring med varebil fordelt på drivstofftype (%);Hybrid;0
2020;Veitrafikk;Kjøring med varebil fordelt på drivstofftype (%);Gass;0
2021;Veitrafikk;Kjøring med varebil fordelt på drivstofftype (%);El;0,6
2021;Veitrafikk;Kjøring med varebil fordelt på drivstofftype (%);Bensin;2,1
2021;Veitrafikk;Kjøring med varebil fordelt på drivstofftype (%);Diesel;97,2
2021;Veitrafikk;Kjøring med varebil fordelt på drivstofftype (%);Hybrid;0,1
2021;Veitrafikk;Kjøring med varebil fordelt på drivstofftype (%);Gass;0
2009;Veitrafikk;Kjøring med buss fordelt på drivstofftype (%);El;0
2009;Veitrafikk;Kjøring med buss fordelt på drivstofftype (%);Diesel;100
2009;Veitrafikk;Kjøring med buss fordelt på drivstofftype (%);Gass;0
2011;Veitrafikk;Kjøring med buss fordelt på drivstofftype (%);El;0
2011;Veitrafikk;Kjøring med buss fordelt på drivstofftype (%);Diesel;100
2011;Veitrafikk;Kjøring med buss fordelt på drivstofftype (%);Gass;0
2013;Veitrafikk;Kjøring med buss fordelt på drivstofftype (%);El;0
2013;Veitrafikk;Kjøring med buss fordelt på drivstofftype (%);Diesel;100
2013;Veitrafikk;Kjøring med buss fordelt på drivstofftype (%);Gass;0
2015;Veitrafikk;Kjøring med buss fordelt på drivstofftype (%);El;0
2015;Veitrafikk;Kjøring med buss fordelt på drivstofftype (%);Diesel;100
2015;Veitrafikk;Kjøring med buss fordelt på drivstofftype (%);Gass;0
2016;Veitrafikk;Kjøring med buss fordelt på drivstofftype (%);El;0
2016;Veitrafikk;Kjøring med buss fordelt på drivstofftype (%);Diesel;100
2016;Veitrafikk;Kjøring med buss fordelt på drivstofftype (%);Gass;0
2017;Veitrafikk;Kjøring med buss fordelt på drivstofftype (%);El;0
2017;Veitrafikk;Kjøring med buss fordelt på drivstofftype (%);Diesel;100
2017;Veitrafikk;Kjøring med buss fordelt på drivstofftype (%);Gass;0
2018;Veitrafikk;Kjøring med buss fordelt på drivstofftype (%);El;0
2018;Veitrafikk;Kjøring med buss fordelt på drivstofftype (%);Diesel;100
2018;Veitrafikk;Kjøring med buss fordelt på drivstofftype (%);Gass;0
2019;Veitrafikk;Kjøring med buss fordelt på drivstofftype (%);El;0
2019;Veitrafikk;Kjøring med buss fordelt på drivstofftype (%);Diesel;100
2019;Veitrafikk;Kjøring med buss fordelt på drivstofftype (%);Gass;0
2020;Veitrafikk;Kjøring med buss fordelt på drivstofftype (%);El;0
2020;Veitrafikk;Kjøring med buss fordelt på drivstofftype (%);Diesel;100
2020;Veitrafikk;Kjøring med buss fordelt på drivstofftype (%);Gass;0
2021;Veitrafikk;Kjøring med buss fordelt på drivstofftype (%);El;0
2021;Veitrafikk;Kjøring med buss fordelt på drivstofftype (%);Diesel;100
2021;Veitrafikk;Kjøring med buss fordelt på drivstofftype (%);Gass;0
2009;Veitrafikk;Kjøring med tunge kjøretøy fordelt på drivstofftype (%);El;0
2009;Veitrafikk;Kjøring med tunge kjøretøy fordelt på drivstofftype (%);Diesel;100
2009;Veitrafikk;Kjøring med tunge kjøretøy fordelt på drivstofftype (%);Gass;0
2011;Veitrafikk;Kjøring med tunge kjøretøy fordelt på drivstofftype (%);El;0
2011;Veitrafikk;Kjøring med tunge kjøretøy fordelt på drivstofftype (%);Diesel;100
2011;Veitrafikk;Kjøring med tunge kjøretøy fordelt på drivstofftype (%);Gass;0
2013;Veitrafikk;Kjøring med tunge kjøretøy fordelt på drivstofftype (%);El;0
2013;Veitrafikk;Kjøring med tunge kjøretøy fordelt på drivstofftype (%);Diesel;100
2013;Veitrafikk;Kjøring med tunge kjøretøy fordelt på drivstofftype (%);Gass;0
2015;Veitrafikk;Kjøring med tunge kjøretøy fordelt på drivstofftype (%);El;0
2015;Veitrafikk;Kjøring med tunge kjøretøy fordelt på drivstofftype (%);Diesel;100
2015;Veitrafikk;Kjøring med tunge kjøretøy fordelt på drivstofftype (%);Gass;0
2016;Veitrafikk;Kjøring med tunge kjøretøy fordelt på drivstofftype (%);El;0
2016;Veitrafikk;Kjøring med tunge kjøretøy fordelt på drivstofftype (%);Diesel;100
2016;Veitrafikk;Kjøring med tunge kjøretøy fordelt på drivstofftype (%);Gass;0
2017;Veitrafikk;Kjøring med tunge kjøretøy fordelt på drivstofftype (%);El;0
2017;Veitrafikk;Kjøring med tunge kjøretøy fordelt på drivstofftype (%);Diesel;100
2017;Veitrafikk;Kjøring med tunge kjøretøy fordelt på drivstofftype (%);Gass;0
2018;Veitrafikk;Kjøring med tunge kjøretøy fordelt på drivstofftype (%);El;0
2018;Veitrafikk;Kjøring med tunge kjøretøy fordelt på drivstofftype (%);Diesel;100
2018;Veitrafikk;Kjøring med tunge kjøretøy fordelt på drivstofftype (%);Gass;0
2019;Veitrafikk;Kjøring med tunge kjøretøy fordelt på drivstofftype (%);El;0
2019;Veitrafikk;Kjøring med tunge kjøretøy fordelt på drivstofftype (%);Diesel;100
2019;Veitrafikk;Kjøring med tunge kjøretøy fordelt på drivstofftype (%);Gass;0
2020;Veitrafikk;Kjøring med tunge kjøretøy fordelt på drivstofftype (%);El;0
2020;Veitrafikk;Kjøring med tunge kjøretøy fordelt på drivstofftype (%);Diesel;100
2020;Veitrafikk;Kjøring med tunge kjøretøy fordelt på drivstofftype (%);Gass;0
2021;Veitrafikk;Kjøring med tunge kjøretøy fordelt på drivstofftype (%);El;0
2021;Veitrafikk;Kjøring med tunge kjøretøy fordelt på drivstofftype (%);Diesel;100
2021;Veitrafikk;Kjøring med tunge kjøretøy fordelt på drivstofftype (%);Gass;0
2021;Veitrafikk;CO2-utslipp fra personbil og varebil fordelt på veitype (%);Europavei;19,5
2021;Veitrafikk;CO2-utslipp fra personbil og varebil fordelt på veitype (%);Riksvei;6,4
2021;Veitrafikk;CO2-utslipp fra personbil og varebil fordelt på veitype (%);Fylkesvei;41,7
2021;Veitrafikk;CO2-utslipp fra personbil og varebil fordelt på veitype (%);Andre veier;32,4
2021;Veitrafikk;CO2-utslipp fra buss fordelt på veitype (%);Europavei;10,5
2021;Veitrafikk;CO2-utslipp fra buss fordelt på veitype (%);Riksvei;3
2021;Veitrafikk;CO2-utslipp fra buss fordelt på veitype (%);Fylkesvei;29,5
2021;Veitrafikk;CO2-utslipp fra buss fordelt på veitype (%);Andre veier;57
2021;Veitrafikk;CO2-utslipp fra tunge kjøretøy fordelt på veitype (%);Europavei;30,9
2021;Veitrafikk;CO2-utslipp fra tunge kjøretøy fordelt på veitype (%);Riksvei;1,7
2021;Veitrafikk;CO2-utslipp fra tunge kjøretøy fordelt på veitype (%);Fylkesvei;60,1
2021;Veitrafikk;CO2-utslipp fra tunge kjøretøy fordelt på veitype (%);Andre veier;7,3
